{
  "hash": "82961d86",
  "configHash": "8ea0ebde",
  "lockfileHash": "7c71d2c9",
  "browserHash": "f98472d4",
  "optimized": {
    "@angular/common": {
      "src": "../../../../../node_modules/@angular/common/fesm2022/common.mjs",
      "file": "@angular_common.js",
      "fileHash": "7566164a",
      "needsInterop": false
    },
    "@angular/core": {
      "src": "../../../../../node_modules/@angular/core/fesm2022/core.mjs",
      "file": "@angular_core.js",
      "fileHash": "26b8c744",
      "needsInterop": false
    },
    "@angular/forms": {
      "src": "../../../../../node_modules/@angular/forms/fesm2022/forms.mjs",
      "file": "@angular_forms.js",
      "fileHash": "cdc479d6",
      "needsInterop": false
    },
    "@angular/platform-browser": {
      "src": "../../../../../node_modules/@angular/platform-browser/fesm2022/platform-browser.mjs",
      "file": "@angular_platform-browser.js",
      "fileHash": "b989cf2c",
      "needsInterop": false
    },
    "@angular/router": {
      "src": "../../../../../node_modules/@angular/router/fesm2022/router.mjs",
      "file": "@angular_router.js",
      "fileHash": "0fe65e1f",
      "needsInterop": false
    }
  },
  "chunks": {
    "chunk-KLQT3JTQ": {
      "file": "chunk-KLQT3JTQ.js"
    },
    "chunk-ISZGB2QF": {
      "file": "chunk-ISZGB2QF.js"
    },
    "chunk-AN5ADGNV": {
      "file": "chunk-AN5ADGNV.js"
    }
  }
}